Name,Status
Abutilon julianae,Critically Endangered
Acacia ammophila,Vulnerable
Acacia anomala,Vulnerable
Acacia aphylla,Vulnerable
Acacia aprica,Endangered
Acacia araneosa,Vulnerable
Acacia aristulata,Endangered
Acacia ataxiphylla subsp. magna,Endangered
Acacia atrox,Critically Endangered
Acacia attenuata,Vulnerable
Acacia auratiflora,Endangered
Acacia awestoniana,Vulnerable
Acacia axillaris,Vulnerable
Acacia baueri subsp. aspera,Endangered
Acacia blayana,Critically Endangered
Acacia brachypoda,Endangered
Acacia bynoeana,Vulnerable
Acacia caerulescens,Vulnerable
Acacia carneorum,Vulnerable
Acacia chapmanii subsp. australis,Endangered
Acacia cochlocarpa subsp. velutinosa,Critically Endangered
Acacia cochlocarpa subsp. cochlocarpa,Endangered
Acacia constablei,Critically Endangered
Acacia courtii,Endangered
Acacia cretacea,Endangered
Acacia crombiei,Vulnerable
Acacia curranii,Vulnerable
Acacia dangarensis,Critically Endangered
Acacia denticulosa,Vulnerable
Acacia depressa,Vulnerable
Acacia deuteroneura,Vulnerable
Acacia enterocarpa,Endangered
Acacia equisetifolia,Critically Endangered
Acacia eremophiloides,Vulnerable
Acacia flocktoniae,Vulnerable
Acacia forrestiana,Vulnerable
Acacia forsteri,Critically Endangered
Acacia georgensis,Vulnerable
Acacia glandulicarpa,Vulnerable
Acacia gordonii,Endangered
Acacia grandifolia,Vulnerable
Acacia handonis,Vulnerable
Acacia imitans,Endangered
Acacia insolita subsp. recurva,Endangered
Acacia kingiana,Extinct
Acacia lanigera var. gracilipes,Endangered
Acacia lanuginophylla,Endangered
Acacia latzii,Vulnerable
Acacia lauta,Vulnerable
Acacia leptalea,Endangered
Acacia leptoneura,Critically Endangered
Acacia lobulata,Endangered
Acacia lumholtzii,Critically Endangered
Acacia macnuttiana,Vulnerable
Acacia meiantha,Endangered
Acacia menzelii,Vulnerable
Acacia peuce,Vulnerable
Acacia pharangites,Endangered
Acacia phasmoides,Vulnerable
Acacia pickardii,Vulnerable
Acacia pinguifolia,Endangered
Acacia porcata,Endangered
Acacia praemorsa,Vulnerable
Acacia praetermissa,Vulnerable
Acacia prismifolia,Critically Endangered
Acacia pubescens,Vulnerable
Acacia pubifolia,Endangered
Acacia purpureopetala,Critically Endangered
Acacia pycnostachya,Vulnerable
Acacia pygmaea,Endangered
Acacia recurvata,Endangered
Acacia rhamphophylla,Endangered
Acacia rhetinocarpa,Vulnerable
Acacia ruppii,Endangered
Acacia sciophanes,Endangered
Acacia spilleriana,Endangered
Acacia splendens,Endangered
Acacia subflexuosa subsp. capillata,Endangered
Acacia terminalis subsp. terminalis MS,Endangered
Acacia undoolyana,Vulnerable
Acacia unguicula,Critically Endangered
Acacia vassalii,Endangered
Acacia volubilis,Endangered
Acacia whibleyana,Endangered
Acacia wilsonii,Endangered
Acacia woodmaniorum,Endangered
Acanthiza iredalei rosinae,Vulnerable
Acanthiza lineata whitei,Vulnerable
Acanthiza pusilla magnirostris,Endangered
Acanthocladium dockeri,Critically Endangered
Acanthophis hawkei,Vulnerable
Acanthornis magna greeniana,Critically Endangered
Accipiter hiogaster natalis,Endangered
Achyranthes arborescens,Critically Endangered
Achyranthes margaretarum Critically,Endangered
Acianthus ledwardii,Extinct
Acriopsis emarginata,Vulnerable
Acronychia littoralis,Endangered
Acrophyllum australe,Vulnerable
Actephila foetida,Vulnerable
Actinotus schwarzii,Vulnerable
Adclarkia cameroni,Endangered
Adclarkia dawsonensis,Critically Endangered
Adclarkia dulacca,Endangered
Adenanthos dobagii,Endangered
Adenanthos ellipticus,Vulnerable
Adenanthos eyrei,Endangered
Adenanthos pungens subsp. pungens,Vulnerable
Adenanthos pungens subsp. effusus,Endangered
Adenanthos velutinus,Endangered
Advena campbellii,Critically Endangered
Aipysurus apraefrontalis,Critically Endangered
Aipysurus foliosquama,Critically Endangered
Aipysurus fuscus,Endangered
Alectryon ramiflorus,Endangered
Allocasuarina defungens,Endangered
Allocasuarina emuina,Endangered
Allocasuarina fibrosa,Vulnerable
Allocasuarina glareicola,Endangered
Allocasuarina portuensis,Endangered
Allocasuarina robusta,Endangered
Allocasuarina simulans,Vulnerable
Allocasuarina thalassoscopica,Endangered
Allocasuarina tortiramula,Vulnerable
Alloxylon flammeum,Vulnerable
Almaleea cambagei,Endangered
Ammobium craspedioides,Vulnerable
Ammoniropa vigens,Critically Endangered
Amperea xiphoclada var. pedicellata,Extinct
Amphibromus fluitans,Vulnerable
Amphibromus whitei,Extinct
Amphiprion mccullochi,Critically Endangered
Amyema plicatula,Endangered
Amytornis barbatus barbatus,Endangered
Amytornis dorotheae,Endangered
Amytornis merrotsyi merrotsyi,Vulnerable
Amytornis merrotsyi pedleri,Endangered
Amytornis modestus,Vulnerable
Amytornis modestus obscurior,Critically Endangered
Amytornis striatus howei,Endangered
Amytornis striatus striatus,Critically Endangered
Amytornis textilis myall,Vulnerable
Amytornis woodwardi,Vulnerable
Andersonia annelsii,Critically Endangered
Andersonia axilliflora,Critically Endangered
Andersonia gracilis,Endangered
Andersonia pinaster,Vulnerable
Androcalva adenothalia,Critically Endangered
Androcalva beeronensis,Critically Endangered
Androcalva bivillosa,Critically Endangered
Androcalva inglewoodensis,Critically Endangered
Androcalva perkinsiana,Critically Endangered
Androcalva perlaria,Endangered
Androcalva procumbens,Vulnerable
Androcalva rosea,Endangered
Angophora inopina,Vulnerable
Angophora robur,Vulnerable
Anigozanthos bicolor subsp. minor,Endangered
Anigozanthos viridis subsp. terraspectans,Vulnerable
Anilios insperatus,Critically Endangered
Anomalopus mackayi,Vulnerable
Anous tenuirostris melanops,Vulnerable
Antechinus argentus,Endangered
Antechinus arktos,Endangered
Antechinus bellus,Vulnerable
Antechinus minimus maritimus,Vulnerable
Anthocercis gracilis,Vulnerable
Anthochaera chrysoptera halmaturina,Vulnerable
Anthochaera phrygia,Critically Endangered
Anthosachne kingiana subsp. kingiana,Critically Endangered
Antipodia chaostola leucophaea,Endangered
Antrophyum austroqueenslandicum,Critically Endangered
Apatophyllum olsenii,Vulnerable
Aphelocephala leucopsis,Vulnerable
Apium prostratum subsp. Porongurup Range (G.J.Keighery 8631),Vulnerable
Aplonis fusca,Extinct
Aponogeton bullosus,Endangered
Aponogeton prolifer,Endangered
Aprasia aurita,Endangered
Aprasia parapulchella,Vulnerable
Aprasia pseudopulchella,Vulnerable
Aquila audax fleayi,Endangered
Archidendron lovelliae,Vulnerable
Archontophoenix myolensis,Endangered
Arctocephalus tropicalis,Endangered
Ardenna grisea,Vulnerable
Arenaria interpres,Vulnerable
Argynnis hyperbius inconstans,Critically Endangered
Argyrotegium nitidulum,Vulnerable
Aristida annua,Vulnerable
Aristida granitica,Endangered
Aristida thompsonii,Endangered
Arthraxon hispidus,Vulnerable
Asperula asthenes,Vulnerable
Asperula tetraphylla,Vulnerable
Asplenium hookerianum,Vulnerable
Asplenium listeri,Critically Endangered
Asplenium pellucidum,Vulnerable
Asplenium wildii,Vulnerable
Assa darlingtoni,Vulnerable
Assa wollumbin,Critically Endangered
Astacopsis gouldi,Vulnerable
Astelia australiana,Vulnerable
Asterolasia asteriscophora subsp. albiflora,Critically Endangered
Asterolasia beckersii,Critically Endangered
Asterolasia buxifolia,Critically Endangered
Asterolasia elegans,Endangered
Asterolasia nivea,Vulnerable
Asterolasia phebalioides,Vulnerable
Astrotricha crassifolia,Vulnerable
Astrotricha roddii,Endangered
Astrotricha sp. Howe Range (D.E. Albrecht 1054),Critically Endangered
Astrotricha sp. Wingan Inlet (J.A.Jeanes 2268),Endangered
Atalaya brevialata,Critically Endangered
Atalaya collina,Endangered
Atrichornis clamosus,Endangered
Atrichornis rufescens,Endangered
Atriplex infrequens,Vulnerable
Atriplex yeelirrie,Endangered
Austroablepharus barrylyoni,Critically Endangered
Austrocordulia leonardi,Endangered
Austrostipa bronwenae,Endangered
Austrostipa jacobsiana,Critically Endangered
Austrostipa metatoris,Vulnerable
Austrostipa wakoolica,Endangered
Azorella macquariensis,Critically Endangered
Backhousia tetraptera,Critically Endangered
Baeckea kandos,Endangered
Balaenoptera borealis,Vulnerable
Balaenoptera musculus,Endangered
Balaenoptera physalus,Vulnerable
Ballantinia antipoda,Endangered
Baloghia marmorata,Vulnerable
Baloskion longipes,Vulnerable
Banksia anatona,Critically Endangered
Banksia aurantia,Critically Endangered
Banksia brownii,Critically Endangered
Banksia catoglypta,Vulnerable
Banksia cuneata,Endangered
Banksia fuscobractea,Critically Endangered
Banksia goodii,Vulnerable
Banksia imlayensis,Critically Endangered
Banksia ionthocarpa,Endangered
Banksia mimica,Endangered
Banksia montana,Critically Endangered
Banksia nivea subsp. uliginosa,Endangered
Banksia oligantha,Endangered
Banksia paludosa subsp. astrolux,Critically Endangered
Banksia penicillata,Endangered
Banksia pseudoplumosa,Endangered
Banksia rufa subsp. pumila,Endangered
Banksia serratuloides subsp. perissa,Critically Endangered
Banksia serratuloides subsp. serratuloides,Vulnerable
Banksia sphaerocarpa var. dolichostyla,Vulnerable
Banksia squarrosa subsp. argillacea,Vulnerable
Banksia verticillata,Vulnerable
Banksia vincentia,Critically Endangered
Barbarea australis,Endangered
Bellatorias obiri,Endangered
Bertmainius colonus,Vulnerable
Bertmainius tingle,Endangered
Bertya calycina,Vulnerable
Bertya ernestiana,Vulnerable
Bertya granitica,Endangered
Bertya ingramii,Endangered
Bertya mollissima,Endangered
Bertya opponens,Vulnerable
Bertya pinifolia,Vulnerable
Bertya tasmanica subsp. tasmanica,Endangered
Bertya sp. Clouds Creek (M. Fatemi 4),Endangered
Bettongia anhydra,Extinct
Bettongia gaimardi gaimardi,Extinct
Bettongia lesueur Barrow and Boodie Islands subsp.,Vulnerable
Bettongia lesueur graii,Extinct
Bettongia lesueur lesueur,Vulnerable
Bettongia penicillata ogilbyi,Endangered
Bettongia penicillata penicillate,Extinct
Bettongia pusilla,Extinct
Bettongia tropica,Endangered
Beyeria lepidopetala,Endangered
Beyeria subtecta,Vulnerable
Bidyanus bidyanus,Endangered
Blechnum norfolkianum,Endangered
Boehmeria australis subsp. australis,Critically Endangered
Boronia adamsiana,Vulnerable
Boronia boliviensis,Critically Endangered
Boronia capitata subsp. capitata,Endangered
Boronia clavata,Endangered
Boronia deanei subsp. deanei,Endangered
Boronia deanei subsp. acutifolia,Endangered
Boronia exilis,Endangered
Boronia galbraithiae,Vulnerable
Boronia granitica,Endangered
Boronia grimshawii,Critically Endangered
Boronia gunnii,Vulnerable
Boronia hemichiton,Vulnerable
Boronia hippopala,Vulnerable
Boronia imlayensis,Critically Endangered
Boronia inflexa subsp. Torringtonensis,Critically Endangered
Boronia keysii,Vulnerable
Boronia quadrilata,Vulnerable
Boronia repanda,Endangered
Boronia revoluta,Endangered
Boronia subulifolia,Endangered
Boronia umbellata,Vulnerable
Boronia viridiflora,Vulnerable
Borya mirabilis,Endangered
Bosistoa transversa,Vulnerable
Bossiaea fragrans,Critically Endangered
Bossiaea oligosperma,Vulnerable
Bossiaea peninsularis,Endangered
Bossiaea sp. Frankland (E.M. Sandiford EMS 896),Endangered
Botaurus poiciloptilus,Endangered
Bothriochloa bunyensis,Vulnerable
Brachionichthys hirsutus,Critically Endangered
Brachiopsilus ziebelli,Vulnerable
Brachychiton guymeri,Critically Endangered
Brachychiton sp. Ormeau (L.H.Bird AQ435851),Critically Endangered
Brachyscias verecundus,Critically Endangered
Brachyscome brownii,Critically Endangered
Brachyscome muelleri,Endangered
Brachyscome muelleroides,Vulnerable
Brachyscome papillosa,Vulnerable
Breynia macrantha,Vulnerable
Bruguiera x hainesii,Critically Endangered
Budawangia gnidioides,Vulnerable
Bulbophyllum globuliforme,Vulnerable
Bulbophyllum gracillimum,Vulnerable
Bulbophyllum longiflorum,Vulnerable
Burmannia sp. Bathurst Island (R.Fensham 1021),Endangered
Burramys parvus,Endangered
Cadellia pentastylis,Vulnerable
Cairnasichthys bitaeniatus,Critically Endangered
Cairnsichthys rhombosomoides,Endangered
Caladenia actensis,Critically Endangered
Caladenia amnicola,Endangered
Caladenia amoena,Endangered
Caladenia ancylosa,Critically Endangered
Caladenia anthracina,Critically Endangered
Caladenia arenaria,Endangered
Caladenia argocalla,Endangered
Caladenia atroclavia,Endangered
Caladenia attenuata,Critically Endangered
Caladenia audasii,Endangered
Caladenia barbarella,Endangered
Caladenia behrii,Endangered
Caladenia brachyscapa,Extinct
Caladenia brumalis,Vulnerable
Caladenia bryceana subsp. cracens,Vulnerable
Caladenia bryceana subsp. bryceana,Endangered
Caladenia busselliana,Endangered
Caladenia caesarea subsp. maritima,Endangered
Caladenia calcicola,Vulnerable
Caladenia campbellii,Critically Endangered
Caladenia caudata,Vulnerable
Caladenia christineae,Vulnerable
Caladenia colorata,Endangered
Caladenia concolor,Vulnerable
Caladenia conferta,Endangered
Caladenia cremna,Critically Endangered
Caladenia dienema,Endangered
Caladenia dorrienii,Endangered
Caladenia drakeoides,Endangered
Caladenia elegans,Endangered
Caladenia excelsa,Endangered
Caladenia formosa,Vulnerable
Caladenia fulva,Endangered
Caladenia gladiolata,Endangered
Caladenia graniticola,Endangered
Caladenia granitora,Endangered
Caladenia harringtoniae,Vulnerable
Caladenia hastata,Endangered
Caladenia hoffmanii,Endangered
Caladenia hopperiana,Endangered
Caladenia huegelii,Endangered
Caladenia insularis,Vulnerable
Caladenia intuta,Critically Endangered
Caladenia leucochila,Endangered
Caladenia lindleyana,Critically Endangered
Caladenia lodgeana,Critically Endangered
Caladenia lowanensis,Endangered
Caladenia luteola,Critically Endangered
Caladenia macroclavia,Endangered
Caladenia melanema,Critically Endangered
Caladenia orientalis,Endangered
Caladenia ornata,Vulnerable
Caladenia ovata,Endangered
Caladenia pallida,Critically Endangered
Caladenia procera,Critically Endangered
Caladenia pumila,Critically Endangered
Caladenia richardsiorum,Endangered
Caladenia rigida,Endangered
Caladenia robinsonii,Endangered
Caladenia rosella,Endangered
Caladenia saggicola,Critically Endangered
Caladenia sp. Kilsyth South (G.S.Lorimer 1253),Critically Endangered
Caladenia sylvicola,Critically Endangered
Caladenia tensa,Endangered
Caladenia tessellata,Vulnerable
Caladenia thysanochila,Endangered
Caladenia tonellii,Critically Endangered
Caladenia versicolor,Vulnerable
Caladenia viridescens,Endangered
Caladenia wanosa,Vulnerable
Caladenia williamsiae,Endangered
Caladenia winfieldii,Endangered
Caladenia woolcockiorum,Vulnerable
Caladenia xanthochila,Endangered
Caladenia xantholeuca,Endangered
Calamanthus pyrrhopygius parkeri,Endangered
Calectasia cyanea,Critically Endangered
Calectasia elegans,Critically Endangered
Calectasia pignattiana,Vulnerable
Calidris acuminata,Vulnerable
Calidris canutus,Vulnerable
Calidris ferruginea,Critically Endangered
Calidris tenuirostris,Vulnerable
Callistemon forresterae,Vulnerable
Callistemon kenmorrisonii,Vulnerable
Callistemon megalongensis,Critically Endangered
Callistemon pungens,Vulnerable
Callistemon purpurascens,Critically Endangered
Callistemon wimmerensis,Critically Endangered
Callitris oblonga subsp. corangensis,Critically Endangered
Callitris oblonga subsp. parva,Critically Endangered
Callitris oblonga subsp. oblonga,Endangered
Callocephalon fimbriatum,Endangered
Calochilus cupreus,Critically Endangered
Calochilus psednus,Endangered
Calochilus pulchellus,Endangered
Calochilus richiae,Endangered
Calophyllum bicolor,Vulnerable
Caloprymnus campestris,Extinct
Calotis glandulosa,Vulnerable
Calotis moorei,Endangered
Calyptorhynchus banksii graptogyne,Endangered
Calyptorhynchus banksii naso,Vulnerable
Calyptorhynchus baudinii,Endangered
Calyptorhynchus lathami halmaturinus,Endangered
Calyptorhynchus lathami lathami,Vulnerable
Calyptorhynchus latirostris,Endangered
Calystegia affinis,Critically Endangered
Calytrix breviseta subsp. breviseta,Endangered
Calytrix gurulmundensis,Vulnerable
Canarium acutifolium,Vulnerable
Capparis thozetiana,Vulnerable
Carcharias taurus east coast population,Critically Endangered
Carcharias taurus west coast population,Vulnerable
Carcharodon carcharias,Vulnerable
Caretta caretta,Endangered
Carettochelys insculpta,Vulnerable
Carinascincus greenei,Endangered
Carinascincus microlepidotus,Endangered
Carinascincus orocryptus,Endangered
Carinascincus palfreymani,Critically Endangered
Carronia pedicellata,Endangered
Cassinia heleniae,Endangered
Cassinia rugata,Vulnerable
Cassinia tegulata,Critically Endangered
Cassinia theodorii,Endangered
Casuarius casuarius johnsonii,Endangered
Centrolepis pedderensis,Endangered
Centrophorus uyato,Conservation Dependent
Centrophorus harrissoni,Conservation Dependent
Cepobaculum carronii,Vulnerable
Cereopsis novaehollandiae grisea,Vulnerable
Ceyx azureus diemenensis,Endangered
Chaeropus ecaudatus and Chaeropus yirratji,Extinct
Chalcophaps indica natalis,Endangered
Chalinolobus dwyeri,Endangered
Chamelaucium sp. Cataby (G.J.Keighery 11009),Vulnerable
Chamelaucium sp. Gingin (N.G.Marchant 6),Endangered
Chamelaucium sp. S coastal plain (R.D.Royce 4872),Vulnerable
Charadrius leschenaultii,Vulnerable
Charadrius mongolus,Endangered
Cheiranthera volubilis,Vulnerable
Chelonia mydas,Vulnerable
Cherax robustus,Vulnerable
Cherax tenuimanus ,Critically Endangered
Chiloglottis anaticeps,Endangered
Chingia australis,Endangered
Chlamydogobius gloveri,Critically Endangered
Chlamydogobius micropterus,Endangered
Chlamydogobius squamigenus,Vulnerable
Chordifex abortivus,Endangered
Choretrum spicatum subsp. spicatum,Endangered
Chorizema humile,Endangered
Chorizema varium,Endangered
Christinus guentheri,Vulnerable
Cinclosoma punctatum anachoreta,Critically Endangered
Clausena excavata,Critically Endangered
Clematis dubia,Critically Endangered
Clematis fawcettii,Vulnerable
Climacteris picumnus victoriae,Vulnerable
Codonocarpus pyramidalis,Vulnerable
Coeranoscincus reticulatus,Vulnerable
Coleanthera virgata,Extinct
Coleus insularis,Critically Endangered
Colobanthus curtisiae,Vulnerable
Columba vitiensis godmanae,Extinct
Comesperma oblongatum,Vulnerable
Commersonia apella,Critically Endangered
Commersonia erythrogyna,Endangered
Commersonia prostrata,Endangered
Conilurus albipes,Extinct
Conilurus capricornensis,Extinct
Conilurus penicillatus,Vulnerable
Conospermum densiflorum subsp. unicephalatum,Endangered
Conospermum galeatum,Critically Endangered
Conospermum hookeri,Vulnerable
Conospermum quadripetalum,Critically Endangered
Conospermum undulatum,Vulnerable
Conostylis dielsii subsp. teres,Endangered
Conostylis drummondii,Endangered
Conostylis lepidospermoides,Endangered
Conostylis micrantha,Endangered
Conostylis misera,Endangered
Conostylis rogeri,Vulnerable
Conostylis seorsiflora subsp. trichophylla,Endangered
Conostylis setigera subsp. dasys,Critically Endangered
Conostylis wonganensis,Endangered
Coopernookia georgei,Endangered
Coopernookia scabridiuscula,Vulnerable
Cophixalus aenigma,Endangered
Cophixalus concinnus,Critically Endangered
Cophixalus hosmeri,Critically Endangered
Cophixalus mcdonaldi,Critically Endangered
Cophixalus monticola,Critically Endangered
Cophixalus neglectus,Critically Endangered
Coprosma baueri,Endangered
Coprosma pilosa,Endangered
Corchorus cunninghamii,Endangered
Cordyline obtecta,Vulnerable
Cormodes darwini,Critically Endangered
Corokia whiteana,Endangered
Correa baeuerlenii,Vulnerable
Correa calycina,Vulnerable
Correa lawrenceana var. genoensis,Endangered
Correa eburnea,Endangered
Corunastylis brachystachya,Endangered
Corunastylis ectopa,Critically Endangered
Corunastylis firthii,Critically Endangered
Corunastylis insignis,Critically Endangered
Corunastylis littoralis,Critically Endangered
Corunastylis sp. Charmhaven (NSW 896673),Critically Endangered
Corybas dentatus,Vulnerable
Corybas montanus,Vulnerable
Corybas sulcatus,Critically Endangered
Corymbia clandestina,Vulnerable
Corymbia leptoloma,Vulnerable
Corymbia rhodops,Vulnerable
Corymbia xanthope,Vulnerable
Corynocarpus rupestris subsp. rupestris,Vulnerable
Cossinia australiana,Endangered
Craspedia preminghana,Endangered
Craterocephalus dalhousiensis,Critically Endangered
Craterocephalus fluviatilis,Endangered
Crepidium lawleri,Endangered
Crinia sloanei,Endangered
Crocidura trichura,Critically Endangered
Croton mamillatus,Critically Endangered
Cryptoblepharus egeriae,Critically Endangered
Cryptoblepharus gurrmul,Endangered
Cryptocarya foetida,Vulnerable
Cryptostylis hunteriana,Vulnerable
Ctenophorus yinnietharra,Vulnerable
Ctenopterella blechnoides,Vulnerable
Ctenotus lancelini,Vulnerable
Ctenotus serotinus,Critically Endangered
Ctenotus zastictus,Vulnerable
Cupaniopsis shirleyana,Vulnerable
Cupaniopsis tomentella,Vulnerable
Cyanoramphus cookii,Endangered
Cyanoramphus novaezelandiae erythrotis,Extinct
Cyanoramphus novaezelandiae subflavescens,Extinct
Cyathea exilis,Endangered
Cycas cairnsiana,Vulnerable
Cycas megacarpa,Endangered
Cycas ophiolitica,Endangered
Cycas platyphylla,Vulnerable
Cycas silvestris,Vulnerable
Cyclodomorphus praealtus,Endangered
Cyclophyllum costatum,Vulnerable
Cyclopsitta diophthalma coxeni,Critically Endangered
Cynanchum elegans,Endangered
Cyperus cephalotes,Endangered
Cyperus semifertilis,Vulnerable
Cyphanthera scabrella,Endangered
Cyrtodactylus sadleiri,Endangered
Danhatchia copelandii,Critically Endangered
Daphnandra johnsonii,Endangered
Darwinia acerosa,Endangered
Darwinia apiculata,Endangered
Darwinia biflora,Vulnerable
Darwinia carnea,Endangered
Darwinia chapmaniana,Endangered
Darwinia collina,Critically Endangered
Darwinia ferricola,Endangered
Darwinia foetida,Critically Endangered
Darwinia masonii,Vulnerable
Darwinia meeboldii,Vulnerable
Darwinia nubigena,Vulnerable
Darwinia oxylepis,Endangered
Darwinia polychroma,Endangered
Darwinia squarrosa,Vulnerable
Darwinia whicherensis,Endangered
Darwinia wittwerorum,Endangered
Dasymalla axillaris,Critically Endangered
Dasyornis brachypterus,Endangered
Dasyornis broadbenti litoralis,Extinct
Dasyornis longirostris,Endangered
Dasyuroides byrnei,Endangered
Dasyurus geoffroii,Vulnerable
Dasyurus hallucatus,Endangered
Dasyurus maculatus gracilis,Endangered
Dasyurus maculatus maculatus (Tasmanian population),Vulnerable
Dasyurus maculatus maculatus (southeastern mainland population),Endangered
Dasyurus viverrinus,Endangered
Davidsonia jerseyana,Endangered
Davidsonia johnsonii,Endangered
Daviesia bursarioides,Endangered
Daviesia cunderdin,Endangered
Daviesia dielsii,Endangered
Daviesia discolor,Vulnerable
Daviesia elongata subsp. elongata,Vulnerable
Daviesia euphorbioides,Endangered
Daviesia glossosema,Critically Endangered
Daviesia laevis,Vulnerable
Daviesia megacalyx,Endangered
Daviesia microcarpa,Endangered
Daviesia obovata,Endangered
Daviesia ovata,Critically Endangered
Daviesia pseudaphylla,Critically Endangered
Daviesia speciosa,Endangered
Decaspermum struckoilicum,Critically Endangered
Delma impar,Vulnerable
Delma mitella,Vulnerable
Delma torquata,Vulnerable
Delma vescolineata,Endangered
Dendrobium antennatum,Endangered
Dendrobium bigibbum,Vulnerable
Dendrobium brachypus,Endangered
Dendrobium johannis,Vulnerable
Dendrobium mirbelianum,Endangered
Dendrobium nindii,Endangered
Dendronephthya australis,Endangered
Denhamia megacarpa,Endangered
Denhamia parvifolia,Vulnerable
Denisonia maculata,Vulnerable
Dermochelys coriacea,Endangered
Desmodium acanthocladum,Vulnerable
Deyeuxia appressa,Endangered
Deyeuxia drummondii,Endangered
Deyeuxia lawrencei,Extinct
Deyeuxia pungens,Vulnerable
Deyeuxia ramosa,Critically Endangered
Deyeuxia talariata,Endangered
Dianella amoena,Endangered
Dichanthium queenslandicum,Endangered
Dichanthium setosum,Vulnerable
Didymoglossum exiguum,Extinct
Dillwynia rupestris,Endangered
Diomedea amsterdamensis,Endangered
Diomedea antipodensis,Vulnerable
Diomedea antipodensis gibsoni,Vulnerable
Diomedea dabbenena,Endangered
Diomedea epomophora,Vulnerable
Diomedea exulans,Vulnerable
Diomedea sanfordi,Endangered
Diospyros mabacea,Endangered
Diplazium cordifolium,Vulnerable
Diplazium pallidum,Endangered
Diploglottis campbellii,Endangered
Diplolaena andrewsii,Endangered
Dipodium campanulatum,Endangered
Dipodium pictum,Endangered
Dischidia litoralis,Vulnerable
Diuris aequalis,Endangered
Diuris basaltica,Endangered
Diuris bracteata,Extinct
Diuris drummondii,Vulnerable
Diuris eborensis,Endangered
Diuris flavescens,Critically Endangered
Diuris fragrantissima,Endangered
Diuris lanceolata,Endangered
Diuris micrantha,Vulnerable
Diuris ochroma,Vulnerable
Diuris pedunculata,Endangered
Diuris praecox,Vulnerable
Diuris purdiei,Endangered
Diuris venosa,Vulnerable
Dodonaea procumbens,Vulnerable
Dodonaea rupicola,Vulnerable
Dodonaea subglandulifera,Endangered
Drakaea concolor,Vulnerable
Drakaea confluens,Endangered
Drakaea elastica,Endangered
Drakaea isolata,Endangered
Drakaea micrantha,Vulnerable
Dromaius ater,Extinct
Dromaius baudinianus,Extinct
Dromaius novaehollandiae diemenensis,Extinct
Drosera oreopodion,Critically Endangered
Drosera prolifera,Vulnerable
Drosera schizandra,Vulnerable
Drummondita ericoides,Endangered
Drummondita longifolia,Vulnerable
Dryococelus australis,Critically Endangered
Duma horrida subsp. abdita,Critically Endangered
Dysoxylum bijugum,Vulnerable
Egernia roomi,Critically Endangered
Egernia rugosa,Vulnerable
Egernia stokesii badia,Endangered
Eidothea hardeniana,Critically Endangered
Elaeocarpus miegei,Endangered
Elaeocarpus sedentarius,Endangered
Elaeocarpus williamsianus,Endangered
Elatostema montanum,Critically Endangered
Eleocharis keigheryi,Vulnerable
Eleocharis obicis,Vulnerable
Eleocharis papillosa,Vulnerable
Eleocharis retroflexa,Vulnerable
Elseya albagula,Critically Endangered
Elseya irwini,Vulnerable
Elseya lavarackorum,Endangered
Elusor macrurus,Critically Endangered
Emoia nativitatis,Extinct
Emydura subglobosa subglobosa,Critically Endangered
Endiandra cooperana,Endangered
Endiandra floydii,Endangered
Endiandra hayesii,Vulnerable
Engaeus granulatus,Endangered
Engaeus martigener,Endangered
Engaeus orramakunna,Vulnerable
Engaeus spinicaudatus,Endangered
Engaeus yabbimunna,Vulnerable
Engaewa pseudoreducta,Critically Endangered
Engaewa reducta,Critically Endangered
Engaewa walpolea,Endangered
Epacris apsleyensis,Endangered
Epacris barbata,Endangered
Epacris exserta,Endangered
Epacris glabella,Endangered
Epacris grandis,Endangered
Epacris graniticola,Critically Endangered
Epacris hamiltonii,Endangered
Epacris limbata,Critically Endangered
Epacris sparsa,Endangered
Epacris stuartii,Critically Endangered
Epacris virgata,Endangered
Epilobium brunnescens subsp. beaugleholei,Vulnerable
Epinephelus daemelii,Vulnerable
Epthianura crocea macgregori,Critically Endangered
Epthianura crocea tunneyi,Endangered
Eremochloa muricata,Endangered
Eremophila ciliata,Endangered
Eremophila denticulata subsp. denticulata,Vulnerable
Eremophila denticulata subsp. trisulcata,Endangered
Eremophila glabra subsp. Scaddan (C. Turley s.n. 10/11/2005),Critically Endangered
Eremophila glabra subsp. chlorella,Endangered
Eremophila koobabbiensis,Critically Endangered
Eremophila lactea,Endangered
Eremophila nivea,Endangered
Eremophila pinnatifida,Endangered
Eremophila prostrata,Vulnerable
Eremophila resinosa,Endangered
Eremophila rostrata,Critically Endangered
Eremophila scaberula,Endangered
Eremophila sp. Narrow leaves (J.D.Start D12-150),Critically Endangered
Eremophila subteretifolia,Endangered
Eremophila ternifolia,Endangered
Eremophila vernicosa,Vulnerable
Eremophila verticillata,Endangered
Eremophila virens,Endangered
Eremophila viscida,Endangered
Eretmochelys imbricata,Vulnerable
Eriocaulon australasicum,Endangered
Eriocaulon carsonii,Endangered
Eryngium fontanum,Endangered
Erythroxylum sp. Cholmondely Creek (J.R. Clarkson 9367) (Northern Territory Population),Vulnerable
Erythrura gouldiae,Endangered
Euastacus angustus,Critically Endangered
Euastacus armatus,Vulnerable
Euastacus balanensis,Endangered
Euastacus bidawalus,Endangered
Euastacus bindal,Critically Endangered
Euastacus binzayedi,Critically Endangered
Euastacus bispinosus,Endangered
Euastacus clarkae,Endangered
Euastacus dalagarbe,Critically Endangered
Euastacus dharawalus,Critically Endangered
Euastacus diversus,Endangered
Euastacus eungella,Endangered
Euastacus fleckeri,Endangered
Euastacus gamilaroi,Endangered
Euastacus girurmulayn,Endangered
Euastacus gumar,Endangered
Euastacus guruhgi,Critically Endangered
Euastacus guwinus,Critically Endangered
Euastacus hystricosus,Endangered
Euastacus jagabar,Critically Endangered
Euastacus jagara,Critically Endangered
Euastacus maccai,Endangered
Euastacus maidae,Critically Endangered
Euastacus mirangudjin,Endangered
Euastacus monteithorum,Endangered
Euastacus morgani,Critically Endangered
Euastacus polysetosus,Endangered
Euastacus rieki,Endangered
Euastacus robertsi,Endangered
Euastacus simplex,Endangered
Euastacus spinichelatus,Endangered
Euastacus suttoni,Endangered
Euastacus urospinosus,Endangered
Euastacus vesper,Critically Endangered
Euastacus yigara,Critically Endangered
Euastacus sp.1 coughrani (McCormack & Fetzner),Endangered
Eubalaena australis,Endangered
Eucalyptus × balanites,Endangered
Eucalyptus × phylacis,Endangered
Eucalyptus absita,Endangered
Eucalyptus aggregata,Vulnerable
Eucalyptus alligatrix subsp. miscella,Vulnerable
Eucalyptus alligatrix subsp. limaensis,Endangered
Eucalyptus aquatica,Critically Endangered
Eucalyptus argophloia,Vulnerable
Eucalyptus argutifolia,Vulnerable
Eucalyptus articulata,Vulnerable
Eucalyptus beaniana,Vulnerable
Eucalyptus beardiana,Vulnerable
Eucalyptus benthamii,Critically Endangered
Eucalyptus boliviana,Critically Endangered
Eucalyptus brevipes,Endangered
Eucalyptus broviniensis,Endangered
Eucalyptus burdettiana,Endangered
Eucalyptus cadens,Vulnerable
Eucalyptus caleyi subsp. ovendenii,Vulnerable
Eucalyptus camfieldii,Vulnerable
Eucalyptus canobolensis,Endangered
Eucalyptus ceracea,Vulnerable
Eucalyptus conglomerata,Endangered
Eucalyptus copulans,Endangered
Eucalyptus coronata,Vulnerable
Eucalyptus crenulata,Endangered
Eucalyptus crispata,Vulnerable
Eucalyptus crucis subsp. crucis,Vulnerable
Eucalyptus crucis subsp. praecipua,Endangered
Eucalyptus cuprea,Endangered
Eucalyptus dalveenica,Critically Endangered
Eucalyptus dolorosa,Endangered
Eucalyptus forresterae,Endangered
Eucalyptus glaucina,Vulnerable
Eucalyptus gunnii subsp. divaricata,Endangered
Eucalyptus hallii,Vulnerable
Eucalyptus imlayensis,Critically Endangered
Eucalyptus impensa,Endangered
Eucalyptus infera,Vulnerable
Eucalyptus insularis,Endangered
Eucalyptus johnsoniana,Vulnerable
Eucalyptus kabiana,Vulnerable
Eucalyptus kartzoffiana,Vulnerable
Eucalyptus langleyi,Vulnerable
Eucalyptus largeana,Endangered
Eucalyptus lateritica,Vulnerable
Eucalyptus leprophloia,Endangered
Eucalyptus macarthurii,Endangered
Eucalyptus mckieana,Vulnerable
Eucalyptus merrickiae,Vulnerable
Eucalyptus mooreana,Vulnerable
Eucalyptus morrisbyi,Critically Endangered
Eucalyptus nicholii,Vulnerable
Eucalyptus nudicaulis,Endangered
Eucalyptus pachycalyx subsp. banyabba,Endangered
Eucalyptus paedoglauca,Vulnerable
Eucalyptus paliformis,Critically Endangered
Eucalyptus paludicola,Endangered
Eucalyptus parramattensis subsp. decadens,Vulnerable
Eucalyptus parvula,Vulnerable
Eucalyptus phoenix,Critically Endangered
Eucalyptus platydisca,Vulnerable
Eucalyptus pruiniramis,Endangered
Eucalyptus pulverulenta,Vulnerable
Eucalyptus pumila,Vulnerable
Eucalyptus raveretiana,Vulnerable
Eucalyptus recta,Endangered
Eucalyptus recurva,Critically Endangered
Eucalyptus rhodantha,Vulnerable
Eucalyptus robertsonii subsp. hemisphaerica,Vulnerable
Eucalyptus rubida subsp. barbigerorum,Vulnerable
Eucalyptus scoparia,Vulnerable
Eucalyptus scopulorum,Critically Endangered
"Eucalyptus sp. Cattai (Gregson s.n., 28 Aug 1954)",Critically Endangered
Eucalyptus steedmanii,Vulnerable
Eucalyptus stenostoma,Endangered
Eucalyptus strzeleckii,Vulnerable
Eucalyptus sturgissiana,Endangered
Eucalyptus suberea,Vulnerable
Eucalyptus synandra,Vulnerable
Eucalyptus taurina,Endangered
Eucalyptus tetrapleura,Vulnerable
Eucalyptus virens,Vulnerable
Eucryphia wilkiei,Vulnerable
Eulamprus kosciuskoi,Vulnerable
Eulamprus leuraensis,Endangered
Eulamprus tympanum marnieae,Endangered
Euphorbia carissoides,Vulnerable
Euphorbia norfolkiana,Critically Endangered
Euphorbia obliqua,Vulnerable
Euphrasia amphisysepala,Vulnerable
Euphrasia arguta,Critically Endangered
Euphrasia bella,Vulnerable
Euphrasia bowdeniae,Vulnerable
Euphrasia collina subsp. muelleri,Endangered
Euphrasia collina subsp. osbornii,Endangered
Euphrasia crassiuscula subsp. glandulifera,Vulnerable
Euphrasia eichleri,Vulnerable
Euphrasia fragosa,Critically Endangered
Euphrasia gibbsiae subsp. psilantherea,Critically Endangered
Euphrasia phragmostoma,Vulnerable
Euphrasia ruptura,Extinct
Euphrasia semipicta,Endangered
Euphrasia sp. Bivouac Bay (W.R.Barker 7626 et al.),Endangered
Falco hypoleucos,Vulnerable
Falcunculus frontatus whitei,Vulnerable
Fimbristylis adjuncta,Endangered
Floydia praealta,Vulnerable
Fontainea australis,Vulnerable
Fontainea oraria,Critically Endangered
Fontainea rostrata,Vulnerable
"Fontainea sp. Coffs Harbour (A.S. Benwell 341, NSW1102027)",Critically Endangered
Fontainea venosa,Vulnerable
Frankenia conferta,Endangered
Frankenia decurrens,Extinct
Frankenia parvula,Endangered
Frankenia plicata,Endangered
Fregata andrewsi,Endangered
Fregetta grallaria grallaria,Vulnerable
Furina dunmalli,Vulnerable
Gadopsis sp. SWV,Endangered
Galaxias aequipinnis,Critically Endangered
Galaxias auratus,Endangered
Galaxias brevissimus,Critically Endangered
Galaxias fontanus,Endangered
Galaxias fuscus,Endangered
Galaxias gunaikurnai,Critically Endangered
Galaxias johnstoni,Endangered
Galaxias lanceolatus,Critically Endangered
Galaxias longifundus,Critically Endangered
Galaxias mungadhan,Critically Endangered
Galaxias parvus,Vulnerable
Galaxias pedderensis,Extinct in the wild
Galaxias rostratus,Critically Endangered
Galaxias sp. nov. ‘Hunter’,Critically Endangered
Galaxias sp. nov. ‘Moroka’,Critically Endangered
Galaxias sp. nov. ‘Morwell’,Critically Endangered
Galaxias sp. nov. ‘Yalmy’,Critically Endangered
Galaxias supremus,Critically Endangered
Galaxias tantangara,Critically Endangered
Galaxias tanycephalus,Vulnerable
Galaxias terenasus,Endangered
Galaxias truttaceus (Western Australian population),Endangered
Galaxiella munda,Vulnerable
Galaxiella nigrostriata,Endangered
Galaxiella pusilla,Endangered
Galeorhinus galeus,Conservation Dependent
Galium antarcticum,Critically Endangered
Gallinago hardwickii,Vulnerable
Galxias mcdowalli,Critically Endangered
Gardenia actinocarpa,Endangered
Gardenia psidioides,Vulnerable
Gastrolobium appressum,Vulnerable
Gastrolobium argyrotrichum,Critically Endangered
Gastrolobium diabolophyllum,Critically Endangered
Gastrolobium glaucum,Endangered
Gastrolobium graniticum,Endangered
Gastrolobium hamulosum,Endangered
Gastrolobium humile,Endangered
Gastrolobium lehmannii,Vulnerable
Gastrolobium luteifolium,Critically Endangered
Gastrolobium modestum,Vulnerable
Gastrolobium papilio,Endangered
Gastrolobium vestitum,Critically Endangered
Gaultheria viridicarpa,Endangered
Geniostoma huttonii,Endangered
Genoplesium baueri,Endangered
Genoplesium plumosum,Endangered
Genoplesium rhyoliticum,Endangered
Genoplesium tectum,Endangered
Genoplesium vernale,Vulnerable
Gentiana baeuerlenii,Critically Endangered
Gentiana bredboensis,Critically Endangered
Gentiana wingecarribiensis,Endangered
Gentiana wissmannii,Critically Endangered
Geocrinia alba,Critically Endangered
Geocrinia vitellina,Vulnerable
Geophaps scripta scripta,Vulnerable
Geophaps smithii blaauwi,Vulnerable
Geophaps smithii smithii,Vulnerable
Germainia capitata,Vulnerable
Gerygone insularis,Extinct
Gingidia rupicola,Endangered
Glyceria drummondii,Endangered
Glycine latrobeana,Vulnerable
Glyphis garricki,Endangered
Glyphis glyphis,Critically Endangered
Goodenia arthrotricha,Endangered
Goodenia integerrima,Vulnerable
Goodenia quadrifida,Vulnerable
Gossia fragrantissima,Endangered
Gossia gonoclada,Endangered
Grammosolen odgersii subsp. occidentalis,Endangered
Grantiella picta,Vulnerable
Graptophyllum ilicifolium,Vulnerable
Graptophyllum reticulatum,Endangered
Grevillea acanthifolia subsp. paludosa,Endangered
Grevillea acropogon,Endangered
Grevillea althoferorum,Endangered
Grevillea banyabba,Vulnerable
Grevillea batrachioides,Endangered
Grevillea beadleana,Endangered
Grevillea bedggoodiana,Vulnerable
Grevillea brachystylis subsp. australis,Vulnerable
Grevillea brachystylis subsp. grandis,Critically Endangered
Grevillea bracteosa subsp. howatharra,Critically Endangered
Grevillea burrowa,Critically Endangered
Grevillea caleyi,Critically Endangered
Grevillea calliantha,Endangered
Grevillea celata,Vulnerable
Grevillea christineae,Endangered
Grevillea corrugata,Endangered
Grevillea curviloba subsp. curviloba,Endangered
Grevillea curviloba subsp. incurva,Endangered
Grevillea dryandroides subsp. dryandroides,Endangered
Grevillea dryandroides subsp. hirsuta,Endangered
Grevillea elongata,Vulnerable
Grevillea evansiana,Vulnerable
Grevillea flexuosa,Vulnerable
Grevillea floripendula,Vulnerable
Grevillea glossadenia,Vulnerable
Grevillea guthrieana,Endangered
Grevillea hodgei,Critically Endangered
Grevillea humifusa,Endangered
Grevillea iaspicula,Endangered
Grevillea infecunda,Vulnerable
Grevillea infundibularis,Endangered
Grevillea involucrata,Endangered
Grevillea jephcottii,Endangered
Grevillea kennedyana,Vulnerable
Grevillea maccutcheonii,Endangered
Grevillea masonii,Endangered
Grevillea maxwellii,Endangered
Grevillea mollis,Endangered
Grevillea molyneuxii,Endangered
Grevillea montis-cole subsp. brevistyla,Vulnerable
Grevillea murex,Endangered
Grevillea obtusiflora,Endangered
Grevillea parviflora subsp. parviflora,Vulnerable
Grevillea pythara,Endangered
Grevillea quadricauda,Vulnerable
Grevillea rara,Endangered
Grevillea raybrownii,Vulnerable
Grevillea rhizomatosa,Endangered
Grevillea rivularis,Critically Endangered
Grevillea scapigera,Endangered
Grevillea scortechinii subsp. scortechinii,Critically Endangered
Grevillea shiressii,Vulnerable
Grevillea sp. Gillingarra (R.J.Cranfield 4087),Critically Endangered
Grevillea thelemanniana,Critically Endangered
Grevillea treueriana,Vulnerable
Grevillea wilkinsonii,Critically Endangered
Gudeoconcha sophiae magnifica,Critically Endangered
Guichenotia seorsiflora,Critically Endangered
Gymnobelideus leadbeateri,Critically Endangered
Gyrostemon reticulatus,Critically Endangered
Habenaria maccraithii,Endangered
Hakea aculeata,Vulnerable
Hakea archaeoides,Vulnerable
Hakea dohertyi,Critically Endangered
Hakea fraseri,Vulnerable
Hakea maconochieana,Vulnerable
Hakea macrorrhyncha,Endangered
Hakea megalosperma,Vulnerable
Hakea pulvinifera,Endangered
Hakea trineura,Vulnerable
Haliotis rubiginosa,Critically Endangered
Halobaena caerulea,Vulnerable
Haloragis exalata subsp. exalata,Vulnerable
Haloragis exalata subsp. velutina,Vulnerable
Haloragis eyreana,Endangered
Haloragis platycarpa,Critically Endangered
Haloragodendron lucasii,Endangered
Harrisoniascincus zia,Vulnerable
Heleioporus australiacus australiacus,Endangered
Heleioporus australiacus flavopunctatus,Endangered
Helichrysum calvertianum,Vulnerable
Helicteres macrothrix,Endangered
Hemiandra gardneri,Endangered
Hemiandra rutilans,Endangered
Hemiaspis damelii,Endangered
Hemibelideus lemuroides,Endangered
Hemigenia ramosissima,Critically Endangered
Hemiphaga novaeseelandiae spadicea,Extinct
Hensmania chapmanii,Vulnerable
Hesperocolletes douglasi,Critically Endangered
Hexaspora pubescens,Vulnerable
Hibbertia abyssus,Critically Endangered
Hibbertia acaulothrix,Endangered
Hibbertia basaltica,Endangered
Hibbertia circinata,Critically Endangered
Hibbertia cistiflora subsp. quadristaminea,Endangered
Hibbertia crispula,Vulnerable
Hibbertia humifusa subsp. debilis,Vulnerable
Hibbertia humifusa subsp. erigens,Vulnerable
Hibbertia marginata,Vulnerable
Hibbertia praemorsa,Endangered
Hibbertia priceana,Critically Endangered
Hibbertia puberula subsp. glabrescens,Critically Endangered
Hibbertia sp. Toolbrunup (J.R.Wheeler 2504),Critically Endangered
Hibbertia spanantha,Critically Endangered
Hibbertia superans,Critically Endangered
Hibbertia tenuis,Critically Endangered
Hibbertia wheelerae,Critically Endangered
Hibiscus brennanii,Vulnerable
Hibiscus cravenii,Vulnerable
Hibiscus insularis,Critically Endangered
Hicksbeachia pinnatifolia,Vulnerable
Hippocampus whitei,Endangered
Hipposideros inornatus,Endangered
Hipposideros semoni,Vulnerable
Hirundapus caudacutus,Vulnerable
Homopholis belsonii,Vulnerable
Homoranthus bebo,Critically Endangered
Homoranthus bruhlii,Critically Endangered
Homoranthus croftianus,Critically Endangered
Homoranthus darwinioides,Vulnerable
Homoranthus decumbens,Endangered
Homoranthus elusus,Critically Endangered
Homoranthus floydii,Vulnerable
Homoranthus lunatus,Vulnerable
Homoranthus montanus,Vulnerable
Homoranthus porteri,Vulnerable
Homoranthus prolixus,Vulnerable
Hoplocephalus bungaroides,Endangered
Hoplogonus bornemisszai,Critically Endangered
Hoplogonus simsoni,Vulnerable
Hoplogonus vanderschoori,Vulnerable
Hoplostethus atlanticus,Conservation Dependent
Hoya australis subsp. oramicola,Vulnerable
Huperzia serrata,Extinct
Hybanthus cymulosus,Critically Endangered
Hydriastele costata,Vulnerable
Hylacola cauta halmaturina,Vulnerable
Hymenophyllum lobbii,Extinct
Hymenophyllum whitei,Extinct
Hypocalymma angustifolium subsp. Hutt River (S.Patrick 2982),Endangered
Hypocalymma longifolium,Vulnerable
Hypocalymma sylvestre,Endangered
Hypocalymma sp. Cascade (R. Bruhn 20896),Endangered
Hypochrysops piceatus,Critically Endangered
Hypolepis dicksonioides,Vulnerable
Hypolepis distans,Endangered
Hypolimnus pedderensis,Extinct
Hypotaenidia philippensis andrewsi,Endangered
Hypotaenidia philippensis macquariensis,Extinct
Hypotaenidia sylvestris,Endangered
Hypseleotris gymnocephala,Critically Endangered
Hyridella glenelgensis,Critically Endangered
Idiosoma nigrum,Vulnerable
Ileostylus micranthus,Vulnerable
Indigofera efoliata,Endangered
Irenepharsus trypherus,Endangered
Isoglossa eranthemoides,Endangered
Isoodon auratus auratus,Vulnerable
Isoodon auratus barrowensis,Vulnerable
Isoodon obesulus nauticus,Vulnerable
Isoodon obesulus obesulus,Endangered
Isopogon fletcheri,Vulnerable
Isopogon robustus,Critically Endangered
Isopogon uncinatus,Endangered
Ixodia achillaeoides subsp. arenicola,Vulnerable
Jacksonia pungens,Endangered
Jacksonia quairading,Endangered
Jacksonia velveta,Endangered
Kardomia granitica,Vulnerable
Kardomia prominens,Critically Endangered
Kardomia silvestris,Endangered
Kelleria bogongensis,Vulnerable
Kennedia glabrata,Vulnerable
Kennedia lateritia,Endangered
Kennedia retrorsa,Vulnerable
Keyacris scurra,Endangered
Kumonga exleyi,Vulnerable
Kunzea cambagei,Vulnerable
Kunzea ericifolia subsp. subulata,Vulnerable
Kunzea juniperoides subsp. pernervosa,Endangered
Kunzea rupestris,Vulnerable
Kunzea similis subsp. similis,Critically Endangered
Lachnagrostis adamsonii,Endangered
Lachnagrostis limitanea,Endangered
Lagorchestes asomatus,Extinct
Lagorchestes conspicillatus conspicillatus,Vulnerable
Lagorchestes hirsutus bernieri,Vulnerable
Lagorchestes hirsutus dorreae,Vulnerable
Lagorchestes hirsutus hirsutus,Extinct
Lagorchestes hirsutus central Australian subsp.,Endangered
Lagorchestes leporides,Extinct
Lagostrophus fasciatus albipilis,Extinct
Lagostrophus fasciatus fasciatus,Vulnerable
Lalage leucopyga leucopyga,Extinct
Lambertia echinata subsp. echinata,Endangered
Lambertia echinata subsp. occidentalis,Endangered
Lambertia fairallii,Critically Endangered
Lambertia orbifolia,Endangered
Lampropholis elongata,Critically Endangered
Lasiopetalum joyceae,Vulnerable
Lasiopetalum longistamineum,Vulnerable
Lasiopetalum pterocarpum,Endangered
Lasiopetalum rotundifolium,Endangered
Lasiopetalum sp. Mount Caroline (S.D. Hopper SDH 6381),Critically Endangered
Lasiopetalum sp. Proston (J.A.Baker 17),Critically Endangered
Lasiorhinus krefftii,Critically Endangered
Lastreopsis calantha,Endangered
Lastreopsis walleri,Vulnerable
Lathamus discolor,Critically Endangered
Latrobea colophona,Critically Endangered
Lawrencia buchananensis,Vulnerable
Lechenaultia chlorantha,Vulnerable
Lechenaultia laricina,Endangered
Leichhardtia araujacea,Critically Endangered
Leiocarpa gatesii,Vulnerable
Leionema ceratogynum,Critically Endangered
Leionema equestre,Endangered
Leionema lachnaeoides,Endangered
Leionema lamprophyllum subsp. fractum,Critically Endangered
Leionema obtusifolium,Vulnerable
Leionema ralstonii,Vulnerable
Leionema sympetalum,Vulnerable
Leionema westonii,Critically Endangered
Leioproctus douglasiellus,Critically Endangered
Leipoa ocellata,Vulnerable
Lemmaphyllum accedens,Extinct
Lenwebbia sp. Main Range (P.R. Sharpe+4877),Critically Endangered
Lepidium aschersonii,Vulnerable
Lepidium drummondii,Extinct
Lepidium ginninderrense,Critically Endangered
Lepidium hyssopifolium,Endangered
Lepidium monoplocoides,Endangered
Lepidium peregrinum,Endangered
Lepidium pseudopapillosum,Vulnerable
Lepidochelys olivacea,Endangered
Lepidodactylus listeri,Critically Endangered
Lepidorrhachis mooreana,Critically Endangered
Lepidosperma rostratum,Endangered
Leporillus apicalis,Extinct
Leporillus conditor,Vulnerable
Leptomeria dielsiana,Vulnerable
Leptospermum benwellii,Critically Endangered
Leptospermum crassifolium,Critically Endangered
Leptospermum deanei,Vulnerable
Leptospermum jingera,Critically Endangered
Leptospermum petraeum,Critically Endangered
Leptospermum thompsonii,Endangered
Lerista allanae,Endangered
Lerista colliveri,Endangered
Lerista nevinae,Endangered
Lerista rochfordensis,Endangered
Lerista vittata,Vulnerable
Leucocarbo atriceps nivalis,Vulnerable
Leucocarbo atriceps purpurascens,Vulnerable
Leucochrysum albicans subsp. tricolor,Endangered
Leucopatus anophthalmus,Endangered
Leucopogon confertus,Endangered
Leucopogon cryptanthus,Extinct
Leucopogon exolasius,Vulnerable
Leucopogon gnaphalioides,Critically Endangered
Leucopogon marginatus,Endangered
Leucopogon nitidus,Endangered
Leucopogon obtectus,Endangered
Leucopogon sp. Flynn (F.Hort, J.Hort & A.Lowrie 859)
Leucopogon sp. Ongerup (A.S. George 16682),Vulnerable
Leucopogon spectabilis,Critically Endangered
Leucopogon sp. Coolmunda (D.Halford Q1635),Endangered
Lewinia pectoralis clelandi,Extinct
Liasis olivaceus barroni,Vulnerable
Lichenostomus melanops cassidix,Critically Endangered
Limnodromus semipalmatus,Vulnerable
Limonium australe var. baudinii,Vulnerable
Limosa lapponica baueri,Endangered
Limosa lapponica menzbieri,Endangered
Limosa limosa,Endangered
Limosella granitica,Vulnerable
Lindsaea pulchella var. blanda,Vulnerable
Liopholis guthega,Endangered
Liopholis kintorei,Vulnerable
Liopholis montana,Endangered
Liopholis pulchra longicauda,Vulnerable
Liopholis slateri slateri,Endangered
Lissolepis coventryi,Endangered
Lissotes latidens,Endangered
Litoria aurea,Vulnerable
Litoria booroolongensis,Endangered
Litoria castanea,Critically Endangered
Litoria daviesae,Vulnerable
Litoria dayi,Vulnerable
Litoria kroombitensis,Critically Endangered
Litoria littlejohni,Endangered
Litoria lorica,Critically Endangered
Litoria myola,Critically Endangered
Litoria nyakalensis,Critically Endangered
Litoria olongburensis,Vulnerable
Litoria piperata,Vulnerable
Litoria raniformis,Vulnerable
Litoria spenceri,Critically Endangered
Litoria subglandulosa,Vulnerable
Litoria verreauxii alpina,Vulnerable
Litoria watsoni,Endangered
Livistona lanuginosa,Vulnerable
Livistona mariae subsp. mariae,Endangered
Lobelia claviflora,Critically Endangered
Lobelia gelida,Vulnerable
Logania diffusa,Vulnerable
Logania insularis,Vulnerable
Lomatia tasmanica,Critically Endangered
Lophochroa leadbeateri leadbeateri,Endangered
Lordhowea pilosicrista,Endangered
Lucasium occultum,Endangered
Lychnothamnus barbatus,Endangered
Lycopodium volubile,Extinct
Lysiosepalum abollatum,Critically Endangered
Macadamia integrifolia,Vulnerable
Macadamia jansenii,Endangered
Macadamia ternifolia,Vulnerable
Macadamia tetraphylla,Vulnerable
Macarthuria keigheryi,Endangered
Maccullochella ikei,Endangered
Maccullochella macquariensis,Endangered
Maccullochella mariensis,Endangered
Maccullochella peelii,Vulnerable
Macquaria australasica,Endangered
Macroderma gigas,Vulnerable
Macronectes giganteus,Endangered
Macronectes halli,Vulnerable
Macropteranthes montana,Vulnerable
Macrotis lagotis,Vulnerable
Macrotis leucura,Extinct
Macrozamia conferta,Vulnerable
Macrozamia cranei,Endangered
Macrozamia johnsonii,Endangered
Macrozamia lomandroides,Endangered
Macrozamia macdonnellii,Vulnerable
Macrozamia machinii,Vulnerable
Macrozamia occidua,Vulnerable
Macrozamia parcifolia,Vulnerable
Macrozamia pauli-guilielmi,Endangered
Macrozamia platyrhachis,Endangered
Maireana cheelii,Vulnerable
Malurus coronatus coronatus,Endangered
Malurus leucopterus edouardi,Vulnerable
Malurus leucopterus leucopterus,Vulnerable
Manorina melanotis,Endangered
Marattia salicina,Endangered
Marginaster littoralis,Critically Endangered
Marianthus paralius,Endangered
Marsdenia brevifolia,Vulnerable
Marsdenia longiloba,Vulnerable
Marsdenia paludicola,Vulnerable
Mastacomys fuscus mordicus,Endangered
Mathewsoconcha grayi ms.,Critically Endangered
Mathewsoconcha phillipii,Critically Endangered
Mathewsoconcha suteri,Critically Endangered
Medicosma elliptica,Vulnerable
Medicosma obovata,Vulnerable
Megascolides australis,Vulnerable
Melaleuca biconvexa,Vulnerable
Melaleuca deanei,Vulnerable
Melaleuca kunzeoides,Vulnerable
Melaleuca sciotostyla,Endangered
Melaleuca sp. Wanneroo (G.J. Keighery 16705),Endangered
Melanodryas cucullata cucullata,Endangered
Melanodryas cucullata melvillensis,Critically Endangered
Melanotaenia eachamensis,Endangered
Melanotaenia sp. nov. ‘Malanda’,Critically Endangered
Melanotaenia sp. nov. ‘Running River’,Critically Endangered
Melichrus gibberagee,Critically Endangered
Melichrus sp. Newfoundland State Forest (P.Gilmour 7852),Endangered
Melicope littoralis,Vulnerable
Melicytus latifolius,Critically Endangered
Melicytus ramiflorus subsp. oblongifolius,Vulnerable
Melithreptus brevirostris magnirostris,Endangered
Melomys rubicola,Extinct
Meridolum maryae,Endangered
Meryta angustifolia,Vulnerable
Meryta latifolia,Critically Endangered
Mesembriomys gouldii gouldii,Endangered
Mesembriomys gouldii melvillensis,Vulnerable
Mesembriomys gouldii rattoides,Vulnerable
Mesodontrachia fitzroyana,Endangered
Microcarpaea agonis,Endangered
Microcorys eremophiloides,Vulnerable
Microlepidium alatum,Vulnerable
Micromyrtus blakelyi,Vulnerable
Micromyrtus grandis,Endangered
Micromyrtus minutiflora,Vulnerable
Micropathus kiernani,Critically Endangered
Microtis angusii,Endangered
Microtis globula,Vulnerable
Milyeringa justitia,Endangered
Milyeringa veritas,Vulnerable
Miniopterus orianae bassanii,Critically Endangered
Minuria tridens,Vulnerable
Mirafra javanica melvillensis,Vulnerable
Mirounga leonina,Vulnerable
Mitrantia bilocularis,Critically Endangered
Mitrella tiwiensis,Vulnerable
Mixophyes balbus,Vulnerable
Mixophyes fleayi,Endangered
Mixophyes iteratus,Vulnerable
Moggridgea rainbowi,Endangered
Mogurnda adspersa (Murray-Darling Basin population),Endangered
Mogurnda clivicola,Vulnerable
Mogurnda thermophila,Critically Endangered
Monogramma dareicarpa,Extinct
Monotoca rotundifolia,Endangered
Mordacia praecox,Endangered
Muehlenbeckia australis,Endangered
Muehlenbeckia tuggeranong,Endangered
Musa fitzalanii,Extinct
Myoporum cordifolium,Vulnerable
Myoporum obscurum,Critically Endangered
Myriocephalus nudus,Extinct
Myriophyllum coronatum,Vulnerable
Myriophyllum lapidicola,Endangered
Myriophyllum porcatum,Vulnerable
Myrmecobius fasciatus,Endangered
Myrmecodia beccarii,Vulnerable
Myrsine ralstoniae,Vulnerable
Myrsine richmondensis,Endangered
Mystivagor mastersi,Critically Endangered
Myuchelys belli,Endangered
Myuchelys purvisi,Endangered
Nangura spinosa,Critically Endangered
Nannatherina balstoni,Vulnerable
Nannoperca australis Murray-Darling Basin lineage,Vulnerable
Nannoperca obscura,Endangered
Nannoperca oxleyana,Endangered
Nannoperca pygmaea,Endangered
Nannoperca variegata,Vulnerable
Natator depressus,Vulnerable
Neisosperma kilneri,Vulnerable
Nematoceras dienemum,Critically Endangered
Nematolepis frondosa,Critically Endangered
Nematolepis rhytidophylla,Critically Endangered
Nematolepis squamea subsp. coriacea,Vulnerable
Nematolepis wilsonii,Vulnerable
Neoastelia spectabilis,Vulnerable
Neoceratodus forsteri,Vulnerable
Neochmia ruficauda ruficauda,Endangered
Neopasiphae simplicior,Critically Endangered
Neophema chrysogaster,Critically Endangered
Neophema chrysostoma,Vulnerable
Neophoca cinerea,Endangered
Neoroepera buxifolia,Vulnerable
Neosilurus gloveri,Critically Endangered
Nereia lophocladia,Endangered
Nesoptilotis leucotis thomasi,Endangered
Nestor productus,Extinct
Newcastelia velutina,Vulnerable
Ninox natalis,Vulnerable
Ninox novaeseelandiae albaria,Extinct
Ninox novaeseelandiae undulata,Endangered
Nitella parooensis,Critically Endangered
Notamacropus greyi,Extinct
Notamacropus parma,Vulnerable
Notechis scutatus ater,Vulnerable
Notelaea ipsviciensis,Critically Endangered
Notelaea lloydii,Vulnerable
Notomys amplus,Extinct
Notomys aquilo,Endangered
Notomys fuscus,Vulnerable
Notomys longicaudatus,Extinct
Notomys macrotis,Extinct
Notomys mordax,Extinct
Notomys robustus,Extinct
Numenius madagascariensis,Critically Endangered
Nyctophilopython oenpelliensis,Vulnerable
Nyctophilus corbeni,Vulnerable
Nyctophilus howensis,Extinct
Oberonia attenuata,Critically Endangered
Ochrosia moorei,Endangered
Oedura lineata,Critically Endangered
Ogyris subterrestris petrina,Critically Endangered
Olax angulata,Vulnerable
Olearia arckaringensis,Endangered
Olearia astroloba,Vulnerable
Olearia cordata,Vulnerable
Olearia flocktoniae,Endangered
Olearia hygrophila,Endangered
Olearia macdonnellensis,Vulnerable
Olearia microdisca,Endangered
Olearia oliganthema,Extinct
Olearia pannosa subsp. pannosa,Vulnerable
Olearia rugosa subsp. distalilobata,Endangered
Oligosoma lichenigerum,Vulnerable
Omphalea celata,Vulnerable
Onychogalea fraenata,Endangered
Onychogalea lunata,Extinct
Opercularia acolytantha,Extinct
Ophidiocephalus taeniatus,Vulnerable
Ophisternon candidum,Vulnerable
Orcaella heinsohni,Vulnerable
Ordtrachia septentrionalis,Critically Endangered
Oreisplanus munionga larana,Vulnerable
Oreixenica ptunarra,Endangered
Oreogrammitis reinwardtii,Vulnerable
Ornduffia calthifolia,Endangered
Orraya occultus,Critically Endangered
Osphranter robustus isabellinus,Vulnerable
Owenia cepiodora,Vulnerable
Ozothamnus eriocephalus,Vulnerable
Ozothamnus reflexifolius,Vulnerable
Ozothamnus selaginoides,Extinct
Ozothamnus tesselatus,Vulnerable
Ozothamnus vagans,Vulnerable
Pachycephala pectoralis xanthoprocta,Vulnerable
Pachycephala rufogularis,Vulnerable
Pachyptila turtur subantarctica,Vulnerable
Pandanus spiralis var. flammeus,Endangered
Papasula abbotti,Endangered
Paracaleana dixonii,Endangered
Paragalaxias dissimilis,Vulnerable
Paragalaxias eleotroides,Vulnerable
Paragalaxias mesotes,Endangered
Paragoodia crenulata,Critically Endangered
Paralucia pyrodiscus lucida,Endangered
Paralucia spinifera,Vulnerable
Parantechinus apicalis,Endangered
Pardalotus quadragintus,Endangered
Parsonsia dorrigoensis,Endangered
Parsonsia larcomensis,Vulnerable
Parvulastra vivipara,Vulnerable
Paspalidium grandispiculatum,Vulnerable
Paspalum batianoffii,Extinct
Patersonia spirifolia,Endangered
Pedionomus torquatus,Critically Endangered
Pelargonium sp. Striatellum (G.W.Carr 10345),Endangered
Pennantia endlicheri,Endangered
Perameles bougainville,Endangered
Perameles bougainville fasciata,Extinct
Perameles eremiana,Extinct
Perameles gunnii gunnii,Vulnerable
Perameles gunnii Victorian subsp.,Endangered
Perameles myosurus,Extinct
Perameles notina,Extinct
Perameles papillon,Extinct
Pericryptodrilus nanus,Critically Endangered
Persicaria elatior,Vulnerable
Persoonia acerosa,Endangered
Persoonia bargoensis,Endangered
Persoonia glaucescens,Vulnerable
Persoonia hindii,Endangered
Persoonia hirsuta,Endangered
Persoonia laxa,Extinct
Persoonia marginata,Vulnerable
Persoonia micranthera,Critically Endangered
Persoonia mollis subsp. revoluta,Vulnerable
Persoonia mollis subsp. maxima,Endangered
Persoonia nutans,Endangered
Persoonia oxycoccoides,Endangered
Persoonia pauciflora,Critically Endangered
Persoonia prostrata,Extinct
Petauroides minor,Vulnerable
Petauroides volans,Endangered
Petaurus australis australis,Vulnerable
Petaurus australis Wet Tropics subspecies,Endangered
Petaurus gracilis,Endangered
Petrogale coenensis,Endangered
Petrogale concinna canescens,Endangered
Petrogale concinna concinna,Critically Endangered
Petrogale concinna monastria,Endangered
Petrogale lateralis centralis,Vulnerable
Petrogale lateralis hacketti,Vulnerable
Petrogale lateralis kimberleyensis,Endangered
Petrogale lateralis lateralis,Endangered
Petrogale penicillata,Vulnerable
Petrogale persephone,Endangered
Petrogale sharmani,Vulnerable
Petrogale xanthopus celeris,Vulnerable
Petrogale xanthopus xanthopus,Vulnerable
Petroica multicolor,Vulnerable
Petrophile nivea,Vulnerable
Petrophile latericola,Endangered
Pezoporus flaviventris,Critically Endangered
Pezoporus occidentalis,Critically Endangered
Phaethon lepturus fulvus,Endangered
Phaethon rubricauda westralis,Endangered
Phaius australis,Endangered
Phaius bernaysii,Endangered
Phaius pictus,Vulnerable
Phalaenopsis amabilis subsp. rosenstromii,Endangered
Phaleria biflora,Vulnerable
Phascogale calura,Vulnerable
Phascogale pirata,Vulnerable
Phascogale tapoatafa kimberleyensis,Vulnerable
"Phascolarctos cinereus (combined populations of Queensland, New South Wales and the Australian Capital Territory)",Endangered
Phebalium daviesii,Critically Endangered
Phebalium distans,Endangered
Phebalium glandulosum subsp. eglandulosum,Vulnerable
Phebalium lowanense,Vulnerable
Phebalium speciosum,Critically Endangered
Phebalium whitei,Vulnerable
Pherosphaera fitzgeraldii,Critically Endangered
Philoria frosti,Critically Endangered
Philoria knowlesi,Endangered
Philoria kundagungan,Endangered
Philoria pughi,Endangered
Philoria richmondensis,Endangered
Philoria sphagnicola,Vulnerable
Philotheca basistyla,Endangered
Philotheca falcata,Critically Endangered
Philotheca freyciana,Endangered
Philotheca obovatifolia,Vulnerable
Philotheca papillata,Vulnerable
Philotheca wonganensis,Endangered
Phlegmariurus carinatus,Endangered
Phlegmariurus dalhousieanus,Endangered
Phlegmariurus filiformis,Endangered
Phlegmariurus lockyeri,Vulnerable
Phlegmariurus marsupiiformis,Vulnerable
Phlegmariurus squarrosus,Critically Endangered
Phlegmariurus tetrastichoides,Vulnerable
Phoebetria fusca,Vulnerable
Phreatia limenophylax,Critically Endangered
Phreatia paleata,Endangered
Phyllodes imperialis smithersi,Endangered
Phyllota humifusa,Vulnerable
Phyllurus caudiannulatus,Endangered
Phyllurus gulbaru,Critically Endangered
Phyllurus kabikabi,Critically Endangered
Phyllurus pinnaclensis,Critically Endangered
Picris evae,Vulnerable
Pimelea axiflora subsp. pubescens,Endangered
Pimelea bracteata,Critically Endangered
Pimelea cremnophila,Critically Endangered
Pimelea curviflora var. curviflora,Vulnerable
Pimelea leptospermoides,Vulnerable
Pimelea pagophila,Vulnerable
Pimelea spicata,Endangered
Pimelea spinescens subsp. pubiflora,Critically Endangered
Pimelea spinescens subsp. spinescens,Critically Endangered
Pimelea venosa,Endangered
Pipistrellus murrayi,Extinct
Pittosporum bracteolatum,Vulnerable
Pittosporum kororoense,Critically Endangered
Pityrodia augustensis,Vulnerable
Pityrodia scabra subsp. scabra,Endangered
Pityrodia sp. Marble Bar (G.Woodman & D.Coultas GWDC Opp 4),Endangered
Placostylus bivaricosus,Endangered
Planchonella costata,Endangered
Planchonella eerwah,Endangered
Platycercus caledonicus brownii,Vulnerable
Platycercus elegans melanopterus,Vulnerable
Plectranthus gratus,Vulnerable
Plectranthus habrophyllus,Endangered
Plectranthus leiperi,Vulnerable
Plectranthus nitidus,Endangered
Plectranthus omissus,Endangered
Plectranthus torrenticola,Endangered
Plesioneuron tuberculatum,Endangered
Pleuropappus phyllocalymmeus,Vulnerable
Plinthanthesis rodwayi,Critically Endangered
Pluvialis squatarola,Vulnerable
Pneumatopteris truncata,Critically Endangered
Poa sallacustris,Vulnerable
Poephila cincta cincta,Endangered
Polianthion minutiflorum,Vulnerable
Polyphlebium endlicherianum,Endangered
Polyscias bellendenkerensis,Vulnerable
Polystichum moorei,Endangered
Polytelis alexandrae,Vulnerable
Polytelis anthopeplus monarchoides,Vulnerable
Polytelis swainsonii,Vulnerable
Pomaderris brunnea,Vulnerable
Pomaderris clivicola,Vulnerable
Pomaderris cocoparrana,Endangered
Pomaderris cotoneaster,Endangered
Pomaderris delicata,Critically Endangered
Pomaderris gilmourii var. cana,Critically Endangered
Pomaderris gilmourii var. gilmourii,Endangered
Pomaderris halmaturina subsp. halmaturina,Vulnerable
Pomaderris pallida,Vulnerable
Pomaderris parrisiae,Vulnerable
Pomaderris pilifera subsp. talpicutica,Vulnerable
Pomaderris reperta,Critically Endangered
Pomaderris sericea,Critically Endangered
Pomaderris subplicata,Vulnerable
Pomaderris vacciniifolia,Critically Endangered
Pomaderris walshii,Critically Endangered
Pommerhelix duralensi,Endangered
Poranthera petalifera,Vulnerable
Porphyrio albus,Extinct
Potorous gilbertii,Critically Endangered
Potorous longipes,Endangered
Potorous platyops,Extinct
Potorous tridactylus tridactylus,Vulnerable
Potorous tridactylus trisulcatus,Vulnerable
Prasophyllum affine,Endangered
Prasophyllum amoenum,Endangered
Prasophyllum apoxychilum,Endangered
Prasophyllum atratum,Critically Endangered
Prasophyllum bagoense,Critically Endangered
Prasophyllum castaneum,Critically Endangered
Prasophyllum colemaniae,Vulnerable
Prasophyllum correctum,Endangered
Prasophyllum crebriflorum,Endangered
Prasophyllum diversiflorum,Endangered
Prasophyllum favonium,Critically Endangered
Prasophyllum frenchii,Endangered
Prasophyllum fuscum,Vulnerable
Prasophyllum goldsackii,Endangered
Prasophyllum incorrectum,Critically Endangered
Prasophyllum innubum,Critically Endangered
Prasophyllum keltonii,Critically Endangered
Prasophyllum laxum,Critically Endangered
Prasophyllum limnetes,Critically Endangered
Prasophyllum littorale,Critically Endangered
Prasophyllum milfordense,Critically Endangered
Prasophyllum morganii,Vulnerable
Prasophyllum murfetii,Critically Endangered
Prasophyllum olidum,Critically Endangered
Prasophyllum pallidum,Vulnerable
Prasophyllum perangustum,Critically Endangered
Prasophyllum petilum,Endangered
Prasophyllum pruinosum,Endangered
Prasophyllum pulchellum,Critically Endangered
Prasophyllum robustum,Critically Endangered
Prasophyllum secutum,Endangered
Prasophyllum sp. Wybong (C.Phelps ORG 5269),Critically Endangered
Prasophyllum spicatum,Vulnerable
Prasophyllum stellatum,Critically Endangered
Prasophyllum suaveolens,Endangered
Prasophyllum subbisectum,Endangered
Prasophyllum taphanyx,Critically Endangered
Prasophyllum tunbridgense,Endangered
Prasophyllum uvidulum,Critically Endangered
Prasophyllum validum,Vulnerable
Prasophyllum wallum,Vulnerable
Pristis clavata,Vulnerable
Pristis pristis,Endangered
Pristis zijsron,Vulnerable
Probosciger aterrimus macgillivrayi,Vulnerable
Promethis sterrha,Critically Endangered
Prostanthera albohirta,Critically Endangered
Prostanthera askania,Endangered
Prostanthera calycina,Vulnerable
Prostanthera cineolifera,Vulnerable
Prostanthera clotteniana,Critically Endangered
Prostanthera cryptandroides subsp. cryptandroides,Vulnerable
Prostanthera densa,Vulnerable
Prostanthera discolor,Vulnerable
Prostanthera eurybioides,Endangered
Prostanthera galbraithiae,Vulnerable
Prostanthera gilesii,Critically Endangered
Prostanthera junonis,Endangered
Prostanthera marifolia,Critically Endangered
Prostanthera nudula,Vulnerable
Prostanthera palustris,Critically Endangered
Prostanthera schultzii,Vulnerable
Prostanthera sp. Dunmore (D.M.Gordon 8A),Vulnerable
Prostanthera sp. Rowleys Creek (L.M.Copeland 4288),Critically Endangered
Prostanthera spathulata,Vulnerable
Prostanthera staurophylla,Critically Endangered
Prostanthera stricta,Vulnerable
Prostanthera tallowa,Endangered
Prototroctes maraena,Vulnerable
Psephotus chrysopterygius,Endangered
Psephotus pulcherrimus,Extinct
Pseudemoia cryodrom,Endangered
Pseudemoia rawlinsoni,Vulnerable
Pseudemydura umbrina,Critically Endangered
Pseudocephalozia paludicola,Vulnerable
Pseudocharopa ledgbirdi,Critically Endangered
Pseudocharopa whiteleggei,Critically Endangered
Pseudocheirus occidentalis,Critically Endangered
Pseudococcus markharveyi,Critically Endangered
Pseudomugil mellis,Endangered
Pseudomys auritus,Extinct
Pseudomys australis,Vulnerable
Pseudomys fieldi,Vulnerable
Pseudomys fumeus,Endangered
Pseudomys glaucus,Extinct
Pseudomys gouldii,Extinct
Pseudomys novaehollandiae,Vulnerable
Pseudomys oralis,Endangered
Pseudomys pilligaensis,Vulnerable
Pseudomys shortridgei,Endangered
Pseudophryne corroboree,Critically Endangered
Pseudophryne covacevichae,Vulnerable
Pseudophryne pengilleyi,Critically Endangered
Psophodes leucogaster leucogaster,Endangered
Psophodes nigrogularis lashmari,Endangered
Psophodes nigrogularis nigrogularis,Endangered
Pteris kingiana,Endangered
Pteris zahlbruckneriana,Endangered
Pterodroma heraldica,Critically Endangered
Pterodroma leucoptera leucoptera,Endangered
Pterodroma mollis,Vulnerable
Pterodroma neglecta neglecta,Vulnerable
Pteropus brunneus,Extinct
Pteropus conspicillatus,Endangered
Pteropus natalis,Critically Endangered
Pteropus poliocephalus,Vulnerable
Pterostylis arenicola,Vulnerable
Pterostylis basaltica,Endangered
Pterostylis bicornis,Vulnerable
Pterostylis bryophila,Critically Endangered
Pterostylis cheraphila,Vulnerable
Pterostylis chlorogramma,Vulnerable
Pterostylis commutata,Critically Endangered
Pterostylis cucullata,Vulnerable
Pterostylis despectans,Endangered
Pterostylis gibbosa,Endangered
Pterostylis lepida,Endangered
Pterostylis metcalfei,Endangered
Pterostylis mirabilis,Vulnerable
Pterostylis oreophila,Critically Endangered
Pterostylis pratensis,Vulnerable
Pterostylis psammophila,Critically Endangered
Pterostylis pulchella,Vulnerable
Pterostylis rubenachii,Endangered
Pterostylis saxicola,Endangered
Pterostylis sinuata,Endangered
Pterostylis tenuissima,Vulnerable
Pterostylis valida,Critically Endangered
Pterostylis vernalis,Critically Endangered
Pterostylis wapstrarum,Critically Endangered
Pterostylis xerophila,Vulnerable
Pterostylis ziegeleri,Vulnerable
Pterostylis sp. Botany Bay (A.Bishop J221/1-13),Endangered
Pterostylis sp. Hale (R.Bates 21725),Endangered
Pterostylis X aenigma,Endangered
Ptilotus beckerianus,Vulnerable
Ptilotus brachyanthus,Endangered
Ptilotus pyramidatus,Critically Endangered
Ptilotus uncinellus,Endangered
Ptychosema pusillum,Vulnerable
Pultenaea aculeata,Endangered
Pultenaea aristata,Vulnerable
Pultenaea baeuerlenii,Endangered
Pultenaea elusa,Endangered
Pultenaea glabra,Vulnerable
Pultenaea insularis,Critically Endangered
Pultenaea maidenii,Extinct
Pultenaea parrisiae,Vulnerable
Pultenaea parviflora,Vulnerable
Pultenaea pauciflora,Vulnerable
Pultenaea setulosa,Vulnerable
Pultenaea sp. Genowlan Point (NSW 417813),Critically Endangered
Pultenaea trichophylla,Endangered
Pultenaea villifera var. glabrescens,Vulnerable
Pultenaea williamsoniana,Vulnerable
Pycnoptilus floccosus,Vulnerable
Quintalia stoddartii,Critically Endangered
Ramphotyphlops exocoeti,Vulnerable
Randia moorei,Endangered
Ranunculus anemoneus,Vulnerable
Ranunculus prasinus,Endangered
Rattus macleari,Extinct
Rattus nativitatis,Extinct
Reedia spathacea,Critically Endangered
Rexea solandri (eastern Australian population),Conservation Dependent
Rhagodia acicularis,Vulnerable
Rhaphidospora bonneyana,Vulnerable
Rhaponticum australe,Vulnerable
Rheobatrachus silus,Extinct
Rheobatrachus vitellinus,Extinct
Rheodytes leukops,Endangered
Rhincodon typus,Vulnerable
Rhinerrhizopsis matutina,Vulnerable
Rhinolophus robertsi,Vulnerable
Rhinonicteris aurantia (Pilbara form),Vulnerable
Rhipidura fuliginosa cervina,Extinct
Rhizanthella gardneri,Critically Endangered
Rhizanthella johnstonii,Critically Endangered
Rhizanthella slateri,Endangered
Rhodamnia angustifolia,Critically Endangered
Rhodamnia longisepala,Critically Endangered
Rhodamnia maideniana,Critically Endangered
Rhodamnia rubescens,Critically Endangered
Rhodamnia sessiliflora,Endangered
Rhodamnia whiteana,Endangered
Rhodomyrtus psidioides,Critically Endangered
Ricinocarpos brevis,Endangered
Ricinocarpos gloria-medii,Vulnerable
Ricinocarpos trichophorus,Endangered
Riekoperla darlingtoni,Critically Endangered
Ristantia gouldii,Vulnerable
Romnalda strobilacea,Vulnerable
Rostratula australis,Endangered
Roycea pycnophylloides,Endangered
Rutidosis heterogama,Vulnerable
Rutidosis leiolepis,Vulnerable
Rutidosis leptorhynchoides,Endangered
Rytidosperma pumilum,Vulnerable
Saccolaimus saccolaimus nudicluniatus,Vulnerable
Sagina diemensis,Endangered
Saltuarius eximius,Critically Endangered
Saltuarius kateae,Endangered
Saltuarius moritzi,Endangered
Saltuarius wyberba,Endangered
Samadera bidwillii,Vulnerable
Samadera sp. Moonee Creek (J.King s.n. Nov. 1949),Endangered
Sankowskya stipularis,Endangered
Sannantha crenulata,Vulnerable
Sannantha tozerensis,Vulnerable
Sannantha whitei,Critically Endangered
Sarcochilus fitzgeraldii,Vulnerable
Sarcochilus hartmannii,Vulnerable
Sarcochilus hirticalcar,Vulnerable
Sarcochilus weinthalii,Vulnerable
Sarcophilus harrisii,Endangered
Scaevola macrophylla,Critically Endangered
Scaturiginichthys vermeilipinnis,Endangered
Schoenia filifolia subsp. subulifolia,Endangered
Sclerolaena blakei,Vulnerable
Sclerolaena napiformis,Endangered
Sclerolaena walkeri,Vulnerable
Selaginella andrewsii,Vulnerable
Semotrachia euzyga,Endangered
Senecio australis,Vulnerable
Senecio behrianus,Endangered
Senecio evansianus,Endangered
Senecio georgianus,Extinct
Senecio hooglandii,Vulnerable
Senecio macrocarpus,Vulnerable
Senecio megaglossus,Vulnerable
Senecio psilocarpus,Vulnerable
Seringia exastia,Critically Endangered
Seriolella brama,Conservation Dependent
Setonix brachyurus,Vulnerable
Sinumelon bednalli,Endangered
Sminthopsis butleri,Vulnerable
Sminthopsis douglasi,Vulnerable
Sminthopsis fuliginosa aitkeni,Endangered
Sminthopsis psammophila,Endangered
Solanum bauerianum,Extinct
Solanum dissectum,Endangered
Solanum dunalianum,Vulnerable
Solanum graniticum,Endangered
Solanum johnsonianum,Endangered
Solanum karsense,Vulnerable
Solanum orgadophilum,Critically Endangered
Solanum sulphureum,Endangered
Sophora fraseri,Vulnerable
Sousa sahulensis,Vulnerable
Sphaerolobium acanthos,Critically Endangered
Sphenotoma drummondii,Endangered
Sphyrna lewini,Conservation Dependent
Spicospina flammocaerulea,Vulnerable
Spirogardnera rubescens,Endangered
Sporobolus pamelae,Endangered
Spyridium cinereum,Endangered
Spyridium coactilifolium,Vulnerable
Spyridium eriocephalum var. glabrisepalum,Vulnerable
Spyridium fontis-woodii,Critically Endangered
Spyridium furculentum,Endangered
Spyridium lawrencei,Endangered
Spyridium obcordatum,Vulnerable
Stachystemon nematophorus,Vulnerable
Stackhousia annua,Vulnerable
Stagonopleura bella samueli,Endangered
Stagonopleura guttata,Vulnerable
Stenanthemum pimeleoides,Vulnerable
Sterna vittata bethunei,Endangered
Sterna vittata vittata,Vulnerable
Sternula albifrons,Vulnerable
Sternula nereis nereis,Vulnerable
Stiphodon semoni,Critically Endangered
Stipiturus malachurus halmaturinus,Endangered
Stipiturus malachurus intermedius,Endangered
Stipiturus malachurus parimeda,Endangered
Stipiturus mallee,Endangered
Stonesiella selaginoides,Endangered
Streblus pendulinus,Endangered
Strepera fuliginosa colei,Vulnerable
Strepera graculina crissalis,Vulnerable
Strophurus horneri,Vulnerable
Stylidium amabile,Critically Endangered
Stylidium applanatum,Critically Endangered
Stylidium asymmetricum,Endangered
Stylidium coroniforme subsp. amblyphyllum,Endangered
Stylidium coroniforme subsp. coroniforme,Endangered
Stylidium ensatum,Endangered
Stylidium galioides,Vulnerable
Stylidium semaphorum,Critically Endangered
Styphelia longissima Critically,Endangered
Styphelia perileuca,Endangered
Swainsona murrayana,Vulnerable
Swainsona plagiotropis,Vulnerable
Swainsona pyrophila,Vulnerable
Swainsona recta,Endangered
Symonanthus bancroftii,Endangered
Symplocos baeuerlenii,Vulnerable
Synaphea quartzitica,Endangered
Synaphea sp. Fairbridge Farm (D.Papenfus 696),Critically Endangered
Synaphea sp. Pinjarra (R.Davis 6578),Critically Endangered
Synaphea sp. Serpentine (G.R. Brand 103),Critically Endangered
Synaphea stenoloba,Endangered
Synaphea sp. Pinjarra Plain (A.S. George 17182),Endangered
Synemon plana,Vulnerable
Syzygium hodgkinsoniae,Vulnerable
Syzygium moorei,Vulnerable
Syzygium paniculatum,Vulnerable
Syzygium velarum,Vulnerable
Tachyglossus aculeatus multiaculeatus,Endangered
Taeniophyllum norfolkianum,Vulnerable
Taraxacum cygnorum,Vulnerable
Tarennoidea wallichii,Endangered
Tasmannia glaucifolia,Vulnerable
Taudactylus acutirostris,Extinct
Taudactylus diurnus,Extinct
Taudactylus eungellensis,Endangered
Taudactylus pleione,Critically Endangered
Taudactylus rheophilus,Critically Endangered
Tectaria devexa,Endangered
Tecticornia bulbosa,Vulnerable
Tecticornia flabelliformis,Vulnerable
Telopea aspera,Endangered
Tephrosia leveillei,Vulnerable
Tetraria australiensis,Vulnerable
Tetratheca aphylla,Vulnerable
Tetratheca deltoidea,Endangered
Tetratheca fasciculata,Extinct
Tetratheca gunnii,Critically Endangered
Tetratheca harperi,Vulnerable
Tetratheca juncea,Vulnerable
Tetratheca nephelioides,Critically Endangered
Tetratheca paynterae,Endangered
Thalassarche bulleri,Vulnerable
Thalassarche bulleri platei,Vulnerable
Thalassarche carteri,Vulnerable
Thalassarche cauta,Endangered
Thalassarche chrysostoma,Endangered
Thalassarche eremita,Endangered
Thalassarche impavida,Vulnerable
Thalassarche melanophris,Vulnerable
Thalassarche salvini,Vulnerable
Thalassarche steadi,Vulnerable
Thaumatoperla alpina,Endangered
Thelymitra adorata,Critically Endangered
Thelymitra cyanapicata,Critically Endangered
Thelymitra dedmaniarum,Endangered
Thelymitra epipactoides,Endangered
Thelymitra hygrophila,Critically Endangered
Thelymitra jonesii,Endangered
Thelymitra kangaloonica,Critically Endangered
Thelymitra mackibbinii,Vulnerable
Thelymitra matthewsii,Endangered
Thelymitra orientalis Critically,Endangered
Thelymitra psammophila,Vulnerable
Thelymitra stellata,Endangered
Thelymitra variegata,Critically Endangered
Thersites mitchellae,Critically Endangered
Thesium australe,Vulnerable
Thinornis cucullatus cucullatus,Vulnerable
Thismia clavarioides,Endangered
Thomasia gardneri,Extinct
Thomasia glabripetala,Vulnerable
Thomasia montana,Vulnerable
Thomasia sp. Green Hill (S.Paust 1322),Endangered
Thryptomene wittweri,Vulnerable
Thylacinus cynocephalus,Extinct
Thymichthys politus,Critically Endangered
Thynninorchis nothofagicola,Critically Endangered
Tiliqua adelaidensis,Endangered
Tiliqua scincoides intermedia,Critically Endangered
Tmesipteris lanceolata,Extinct
Tmesipteris norfolkensis,Vulnerable
Toechima pterocarpum,Endangered
Toechima sp. East Alligator (J.Russell-Smith 8418) NT Herbarium,Endangered
Tomophyllum walleri,Vulnerable
Trachymene scapigera,Endangered
Trianthema cypseleoides,Extinct
Tribonanthes purpurea,Vulnerable
Trichanthodium baracchianum,Vulnerable
Trichosurus vulpecula arnhemensis,Vulnerable
Tringa nebularia,Endangered
Trioza barrettae,Endangered
Triplarina imbricata,Endangered
Triplarina nitchaga,Vulnerable
Triplarina nowraensis,Endangered
Trisyntopa scatophaga,Endangered
Trithuria occidentalis,Endangered
Triunia robusta,Endangered
Tropilis callitrophilis,Vulnerable
Turdus poliocephalus erythropleurus,Endangered
Turdus poliocephalus poliocephalus,Extinct
Turdus poliocephalus vinitinctus,Extinct
Turnix melanogaster,Vulnerable
Turnix olivii,Critically Endangered
Turnix varius scintillans,Endangered
Tylophora linearis,Endangered
Tylophora rupicola,Endangered
Tylophora woollsii,Endangered
Tympanocryptis lineata,Critically Endangered
Tympanocryptis maccartneyi,Critically Endangered
Tympanocryptis osbornei,Endangered
Tympanocryptis pinguicolla Critically,Endangered
Tympanocryptis condaminensis,Endangered
Typhonium jonesii,Endangered
Typhonium mirabile,Endangered
Typhonium praetermissum,Endangered
Typhonium taylori,Endangered
Typhonium sp. Cox Peninsula (S.Nicholas 15/12/1999),Endangered
Tyto novaehollandiae castanops (Tasmanian population),Vulnerable
Tyto novaehollandiae kimberli,Vulnerable
Tyto novaehollandiae melvillensis,Endangered
Ungeria floribunda,Vulnerable
Uperoleia daviesae,Vulnerable
Uperoleia mahonyi,Endangered
Uperoleia martini,Endangered
Uromyrtus australis,Endangered
Uvidicolus sphyrurus,Vulnerable
Vanda hindsii,Vulnerable
Vanvoorstia bennettiana,Extinct
Vappodes lithocola,Endangered
Vappodes phalaenopsis,Vulnerable
Varanus mertensi,Endangered
Varanus mitchelli,Critically Endangered
Velleia perfoliata,Vulnerable
Veronica ciliolata,Vulnerable
Veronica derwentiana subsp. homalodonta,Critically Endangered
Veronica lithophila,Endangered
Veronica parnkalliana,Endangered
Verticordia albida,Endangered
Verticordia apecta,Critically Endangered
Verticordia carinata,Vulnerable
Verticordia crebra,Vulnerable
Verticordia densiflora var. pedunculata,Endangered
Verticordia fimbrilepis subsp. australis,Vulnerable
Verticordia fimbrilepis subsp. fimbrilepis,Endangered
Verticordia helichrysantha,Vulnerable
Verticordia hughanii,Endangered
Verticordia pityrhops,Endangered
Verticordia plumosa var. ananeotes,Endangered
Verticordia plumosa var. vassensis,Endangered
Verticordia spicata subsp. squamosa,Endangered
Verticordia staminosa subsp. staminosa,Endangered
Verticordia staminosa var. cylindracea,Endangered
Viola improcera,Endangered
Vrydagzynea grayi,Endangered
Westralunio carteri,Vulnerable
Westringia crassifolia,Endangered
Westringia cremnophila,Critically Endangered
Westringia davidii,Vulnerable
Westringia kydrensis,Endangered
Westringia parvifolia,Vulnerable
Westringia rupicola,Vulnerable
Wikstroemia australis,Critically Endangered
Wollemia nobilis,Critically Endangered
Wollumbinia georgesi,Critically Endangered
Wurmbea calcicola,Endangered
Wurmbea tubulosa,Endangered
Xanthorrhoea arenaria,Vulnerable
Xanthorrhoea bracteata,Endangered
Xanthostemon formosus,Endangered
Xanthostemon oppositifolius,Vulnerable
Xenus cinereus,Vulnerable
Xerochrysum palustre,Vulnerable
Xeromys myoides,Vulnerable
Xerothamnella herbacea,Endangered
Xerothamnella parvifolia,Vulnerable
Xylopia monosperma,Endangered
Xylosma parvifolia,Endangered
Xyris exilis,Critically Endangered
Zearaja maugeana,Endangered
Zehneria baueriana,Endangered
Zephyrarchaea austini,Critically Endangered
Zeuxine polygonoides,Vulnerable
Zieria adenophora,Critically Endangered
Zieria baeuerlenii,Endangered
Zieria bifida,Endangered
Zieria buxijugum,Critically Endangered
Zieria citriodora,Vulnerable
Zieria collina,Vulnerable
Zieria covenyi,Endangered
Zieria exsul,Critically Endangered
Zieria floydii,Endangered
Zieria formosa,Endangered
Zieria granulata,Endangered
Zieria ingramii,Endangered
Zieria involucrata,Vulnerable
Zieria lasiocaulis,Endangered
Zieria murphyi,Vulnerable
Zieria obcordata,Endangered
Zieria obovata,Vulnerable
Zieria odorifera subsp. warrabahensis,Critically Endangered
Zieria parrisiae,Critically Endangered
Zieria prostrata,Endangered
Zieria rimulosa,Vulnerable
Zieria tuberculata,Vulnerable
Zieria verrucosa,Vulnerable
Zoothera lunulata halmaturina,Endangered
Zosterops albogularis,Extinct
Zosterops strenuus,Extinct
Zyzomys maini,Vulnerable
Zyzomys palatalis,Endangered
Zyzomys pedunculatus,Critically Endangered
